{
    "BTC/USD": {
        "entry_price": 83425.1,
        "stop_loss": 75082.59000000001,
        "take_profit": 100110.12000000001,
        "qty": 0.0385753894214107,
        "order_id": "67f441fe-7ed2-4349-be16-7a32bb0aad19"
    }
}