{
    "ETH/USD": {
        "entry_price": 1948.2515,
        "stop_loss": 1753.4263500000002,
        "take_profit": 2337.9018,
        "qty": 1.6304541402478514,
        "order_id": "19a52b03-c085-410f-b40a-585c6f5c5fa8"
    }
}